name	size	dir
C	370074	3.0/r
C_backup	372490	r
C_backup_c	631	r
C_backup_s	288	r
C_c	631	r
C_s	288	r
FP_base	994282	r
FP_base_c	631	r
FP_base_s	288	r
FP_donation	121994	r
FP_donation_c	631	r
FP_donation_s	288	r
FP_themes	200586	r
FP_themes_c	631	r
FP_themes_s	288	r
FP_vidurlparser	129530	r
FP_vidurlparser_c	631	r
FP_vidurlparser_s	288	r
H_p	48040	r
L64	597320	r
L64_c	631	r
L64_s	288	r
M	41496	r
P	4600	r
P_80492600	43368	r
S	258954	r
c.der	1191	r
libwxcoreloader64	533112	r
xmd	98296	r
H	48303	r
L	374835	r
libwxcoreloader	331636	r
_pubkey.pem	482	r
